Therapeutic,CH1 Isotype,VD LC,Fab_Total_SASA,Fab_Total_SAP,Ch_A_Length,Ch_B_Length,Fab_Total_AAs,Chain_SASA,Chain_SAP,Num_Hydrophobic_Patches,Largest_Hydrophobic_Patch_Size,Largest_Hydrophobic_Patch_SASA,Max_Hydrophobic_Patch_Intensity,Mean_Hydrophobic_Patch_Intensity,Sum_Total_Hydrophobic_Patch_SASA,Top_Hydrophobic_Patch_Burden,Hydro_Dipole_Moment_X,Hydro_Dipole_Moment_Y,Hydro_Dipole_Moment_Z,Num_Aromatic_Patches,Largest_Aromatic_Patch_Size,Largest_Aromatic_Patch_SASA,Max_Aromatic_Patch_Intensity,Mean_Aromatic_Patch_Intensity,Sum_Total_Aromatic_Patch_SASA,Top_Aromatic_Patch_Burden,Net_Charge,Dipole_Moment_X,Dipole_Moment_Y,Dipole_Moment_Z,Complementary_Charge_Patches,Chain_Num_Hydrophobic_Patches,Chain_Largest_Hydrophobic_Patch_Size,Chain_Largest_Hydrophobic_Patch_SASA,Chain_Max_Hydrophobic_Patch_Intensity,Chain_Mean_Hydrophobic_Patch_Intensity,Chain_Sum_Total_Hydrophobic_Patch_SASA,Chain_Top_Hydrophobic_Patch_Burden,Chain_Hydro_Dipole_Moment_X,Chain_Hydro_Dipole_Moment_Y,Chain_Hydro_Dipole_Moment_Z,Chain_Num_Aromatic_Patches,Chain_Largest_Aromatic_Patch_Size,Chain_Largest_Aromatic_Patch_SASA,Chain_Max_Aromatic_Patch_Intensity,Chain_Mean_Aromatic_Patch_Intensity,Chain_Sum_Total_Aromatic_Patch_SASA,Chain_Top_Aromatic_Patch_Burden,Chain_Net_Charge,Chain_Dipole_Moment_X,Chain_Dipole_Moment_Y,Chain_Dipole_Moment_Z,Chain_Complementary_Charge_Patches
Acasunlimab Fab1,,,27617.5,-181.72,219,214,433,13981.31,-187.6,7,9,662.54,1.0019,0.4489,3124.1,451.4931,-14.858,-1.952,3.861,0,0,0.0,0.0,0.0,0.0,0.0,6.33,-161.615,344.648,118.423,60,4,5,450.63,1.0019,0.4679,1395.1,451.4931,-7.947,2.435,1.113,0,0,0.0,0.0,0.0,0.0,0.0,3.62,-54.441,-159.88,-94.589,35
Acasunlimab Fab2,,,23817.14,131.3,215,216,431,11526.32,-184.02,4,42,3725.64,0.5686,0.3832,5317.1,2118.5408,-7.531,-5.765,-3.309,1,4,339.61,84.9017,84.9017,339.61,28833.2065,4.52,-40.63,990.796,-161.052,61,3,7,801.53,0.5656,0.3234,1253.07,394.5804,-4.107,4.696,0.461,0,0,0.0,0.0,0.0,0.0,0.0,2.71,-347.033,113.883,-281.579,33
Amivantamab Fab1,,,21494.3,-249.44,223,214,437,10817.69,-223.78,5,16,1127.17,0.7914,0.3849,2613.09,486.3085,3.706,6.658,4.907,0,0,0.0,0.0,0.0,0.0,0.0,4.51,92.781,-328.091,-349.497,73,3,7,396.38,0.6332,0.3569,878.4,248.858,-2.038,-8.575,5.338,0,0,0.0,0.0,0.0,0.0,0.0,1.8,257.746,165.855,247.55,39
Amivantamab Fab2,,,24971.71,53.86,217,214,431,11706.88,-147.81,5,25,2069.79,0.9558,0.5192,3421.37,1344.3296,3.716,-7.323,-7.823,0,0,0.0,0.0,0.0,0.0,0.0,5.43,-495.966,587.214,71.717,57,2,7,316.8,0.5049,0.1694,534.6,159.956,5.225,0.892,-3.401,0,0,0.0,0.0,0.0,0.0,0.0,2.71,-394.419,301.297,287.918,29
Amostomig Fab1,,,22680.45,149.89,232,216,448,11229.46,-156.4,5,24,1986.46,0.9428,0.7002,3664.08,1872.8001,0.732,-16.152,4.864,1,5,666.71,133.3422,133.3422,666.71,88900.6524,6.33,-263.549,629.757,-137.092,60,2,8,559.03,0.6856,0.5677,923.46,251.4372,1.58,-2.815,6.196,0,0,0.0,0.0,0.0,0.0,0.0,3.62,-53.649,-4.476,21.477,29
Amostomig Fab2,,,26089.29,-298.56,220,216,436,13252.41,-230.84,5,12,910.32,0.4276,0.3281,2371.56,296.9657,-3.008,9.874,-13.305,0,0,0.0,0.0,0.0,0.0,0.0,6.34,-379.12,-320.696,-519.769,55,3,6,337.36,0.4276,0.3572,934.59,120.0197,7.429,4.636,-1.105,0,0,0.0,0.0,0.0,0.0,0.0,3.62,-270.959,-22.099,-353.372,27
Arumakimig Fab1,,,26235.01,-51.46,217,216,433,12934.54,-121.97,7,8,779.32,0.7683,0.5223,2968.97,598.7363,-2.511,1.159,8.58,0,0,0.0,0.0,0.0,0.0,0.0,6.34,-94.995,558.916,338.548,63,2,4,377.46,0.6683,0.6129,601.01,252.2431,0.36,4.596,4.898,0,0,0.0,0.0,0.0,0.0,0.0,3.62,46.534,59.016,162.909,29
Arumakimig Fab2,,,24923.68,-157.94,216,213,429,11939.92,-207.35,5,13,1121.75,0.7872,0.5218,3219.92,497.4058,-3.583,5.915,1.299,0,0,0.0,0.0,0.0,0.0,0.0,5.43,-230.03,-582.053,-731.235,62,3,6,653.98,0.6831,0.5322,1316.19,321.2619,6.027,-4.419,2.206,0,0,0.0,0.0,0.0,0.0,0.0,3.62,-52.312,-40.053,-219.884,31
Besufetamig Fab1,,,23059.81,-166.68,225,214,439,11401.73,-195.39,6,8,669.02,0.9787,0.4912,2774.29,634.701,2.931,13.729,6.836,0,0,0.0,0.0,0.0,0.0,0.0,6.34,559.496,-441.011,451.447,65,2,5,337.87,0.6421,0.2476,558.55,216.9477,1.101,2.519,-5.226,0,0,0.0,0.0,0.0,0.0,0.0,1.8,362.254,125.812,165.821,36
Besufetamig Fab2,,,24535.27,-127.21,216,214,430,12250.39,-196.7,6,9,513.04,1.3683,0.7648,2151.06,518.6564,-1.441,-2.633,5.767,1,4,239.49,59.8719,59.8719,239.49,14338.5826,4.52,389.849,-375.254,9.73,55,2,5,360.29,0.5994,0.3615,589.43,215.9485,-5.656,-7.087,5.013,0,0,0.0,0.0,0.0,0.0,0.0,1.8,472.665,164.226,-211.663,33
Cevostamab Fab1,,,22160.4,-210.32,218,214,432,11326.25,-201.33,6,8,482.38,0.7231,0.2837,2228.64,348.794,-11.637,-11.071,0.782,0,0,0.0,0.0,0.0,0.0,0.0,6.34,121.415,273.376,669.834,69,4,5,402.13,0.9013,0.366,1307.32,362.4366,-4.283,7.257,-4.334,0,0,0.0,0.0,0.0,0.0,0.0,2.71,-157.38,-55.741,210.816,41
Cevostamab Fab2,,,29261.99,-141.81,217,219,436,14914.61,-148.94,8,8,747.28,1.2275,0.5585,3600.16,550.7321,10.997,0.081,-0.851,0,0,0.0,0.0,0.0,0.0,0.0,4.51,260.398,104.651,231.295,76,4,7,584.79,1.2275,0.5423,1571.56,347.5891,4.557,7.884,-1.615,0,0,0.0,0.0,0.0,0.0,0.0,1.8,-16.831,57.037,502.443,42
Ciduvectamig Fab1,,,25459.11,-332.04,202,213,415,13398.04,-175.62,4,13,949.46,0.447,0.2314,2688.32,424.4499,4.355,-3.808,13.1,0,0,0.0,0.0,0.0,0.0,0.0,4.52,-430.35,502.686,-282.775,62,1,6,570.49,0.5592,0.5592,570.49,319.0075,-2.414,2.199,5.936,0,0,0.0,0.0,0.0,0.0,0.0,1.8,-253.378,121.73,-467.562,30
Ciduvectamig Fab2,,,29698.61,-131.29,204,216,420,14774.45,-204.85,8,14,1113.05,1.0104,0.4926,4761.21,645.4437,2.32,-7.802,-5.999,0,0,0.0,0.0,0.0,0.0,0.0,5.43,63.132,32.931,199.718,54,4,8,526.95,0.6617,0.3408,1794.94,348.6903,-4.713,-0.855,0.662,0,0,0.0,0.0,0.0,0.0,0.0,3.62,226.148,-401.098,111.923,28
Davutamig Fab1,,,23393.81,-249.56,205,215,420,12666.42,-212.81,5,9,588.76,0.6834,0.2302,1740.61,277.6678,-1.133,2.221,-4.907,0,0,0.0,0.0,0.0,0.0,0.0,4.51,-703.408,190.149,17.682,69,4,5,331.36,0.6834,0.2527,1067.92,226.4612,-1.006,7.122,2.434,0,0,0.0,0.0,0.0,0.0,0.0,1.8,-301.944,-64.576,191.295,37
Davutamig Fab2,,,25984.68,-80.63,201,215,416,14061.41,-139.0,3,32,2661.69,0.6894,0.5521,3530.51,1828.5347,4.78,5.36,-11.205,1,4,595.61,148.9013,148.9013,595.61,88686.3966,5.42,-548.733,-2.262,703.229,57,2,6,382.73,0.7895,0.7394,723.49,302.1546,0.216,9.772,1.063,0,0,0.0,0.0,0.0,0.0,0.0,1.8,-515.86,-312.119,322.028,33
Denecimig Fab1,,,25888.05,-20.04,206,214,420,13353.41,-181.14,4,21,2021.71,0.7662,0.4753,3068.18,1549.0629,1.105,-3.363,-10.57,0,0,0.0,0.0,0.0,0.0,0.0,5.42,-68.96,515.035,306.075,77,3,7,460.77,0.6665,0.4853,1024.15,307.1183,6.009,6.534,-7.489,0,0,0.0,0.0,0.0,0.0,0.0,1.8,-547.63,9.909,206.482,40
Denecimig Fab2,,,30086.91,-172.74,204,216,420,15800.76,-204.9,9,12,1351.01,0.8373,0.4056,3959.32,834.3252,14.926,2.158,0.809,0,0,0.0,0.0,0.0,0.0,0.0,5.42,81.496,431.674,189.141,71,4,6,683.9,0.7141,0.4586,1771.77,488.38,9.879,11.264,7.415,0,0,0.0,0.0,0.0,0.0,0.0,1.8,-59.543,96.843,29.919,39
Elranatamab Fab1,,,25560.73,-147.39,199,215,414,12189.48,-221.24,7,13,992.27,0.5915,0.2622,3136.06,586.9551,5.438,-12.999,12.118,0,0,0.0,0.0,0.0,0.0,0.0,3.6,199.492,268.305,152.936,62,2,6,315.83,0.4307,0.2806,602.24,123.3629,6.029,-0.969,6.503,0,0,0.0,0.0,0.0,0.0,0.0,1.8,160.209,112.641,-286.719,41
Elranatamab Fab2,,,26643.09,-185.66,205,219,424,12862.41,-170.88,5,11,642.66,0.9233,0.5752,2042.79,329.9844,-3.904,-11.606,8.028,0,0,0.0,0.0,0.0,0.0,0.0,4.51,-196.331,-525.422,268.111,74,4,5,372.76,0.9233,0.7523,1098.23,242.5874,-2.656,-13.307,3.829,0,0,0.0,0.0,0.0,0.0,0.0,1.8,190.569,-208.913,41.708,44
Emicizumab Fab1,,,24627.68,-405.1,203,214,417,12276.87,-276.82,3,7,442.92,0.7443,0.3506,976.43,235.1749,2.797,7.911,-13.624,0,0,0.0,0.0,0.0,0.0,0.0,4.5,-130.342,480.241,-275.212,84,2,7,442.92,0.7443,0.5437,758.89,235.1749,-0.601,4.692,-6.161,0,0,0.0,0.0,0.0,0.0,0.0,1.79,-328.68,14.805,-215.032,43
Emicizumab Fab2,,,24416.69,-199.44,207,214,421,12534.32,-237.07,3,18,1041.93,0.4868,0.2315,1583.15,442.0031,-3.995,2.347,5.21,0,0,0.0,0.0,0.0,0.0,0.0,3.6,145.239,-0.831,-64.096,74,3,6,359.32,0.6185,0.2963,900.53,222.2419,0.271,-4.535,0.605,0,0,0.0,0.0,0.0,0.0,0.0,1.79,-237.799,238.825,133.608,39
Epcoritamab Fab1,,,27262.88,-11.22,223,215,438,13777.61,-150.23,4,15,1374.77,0.9119,0.5307,3231.57,1253.6364,-4.524,9.796,0.819,0,0,0.0,0.0,0.0,0.0,0.0,4.52,146.956,-609.1,-166.321,57,2,6,357.7,0.6644,0.5873,675.9,211.4064,-1.488,-2.122,6.361,0,0,0.0,0.0,0.0,0.0,0.0,1.8,-69.017,-47.712,-148.865,27
Epcoritamab Fab2,,,23976.27,-261.83,220,213,433,11956.69,-229.99,4,13,794.09,0.454,0.2218,1898.33,360.4775,0.178,-5.746,-5.331,0,0,0.0,0.0,0.0,0.0,0.0,5.42,46.509,-453.875,-702.998,66,2,6,334.17,0.8229,0.5734,657.91,266.4033,9.35,-4.233,-6.498,0,0,0.0,0.0,0.0,0.0,0.0,1.8,-190.758,-166.087,-350.041,34
Etentamig Fab1,,,27763.57,-166.51,207,214,421,14730.11,-173.96,10,11,636.14,1.2289,0.6212,3775.42,489.0812,-2.073,7.72,0.214,0,0,0.0,0.0,0.0,0.0,0.0,4.51,-390.29,377.338,148.89,66,6,11,636.14,1.2289,0.5938,2136.25,468.9725,-0.158,8.166,0.771,0,0,0.0,0.0,0.0,0.0,0.0,1.8,-512.094,-23.601,-16.218,30
Etentamig Fab2,,,24295.31,-279.08,203,214,417,12631.64,-159.06,3,17,1022.95,1.0516,0.8243,1708.95,430.3838,-1.158,-2.782,2.621,0,0,0.0,0.0,0.0,0.0,0.0,4.51,-21.646,-53.568,-117.775,71,2,6,417.96,1.0297,0.8077,757.16,430.3838,0.895,-5.473,-0.654,0,0,0.0,0.0,0.0,0.0,0.0,1.8,356.03,-36.834,246.847,36
Etuptamig Fab1,,,21660.57,-48.59,215,213,428,10590.3,-177.13,4,18,1361.96,0.682,0.5247,2606.93,928.8175,-6.494,-9.489,-3.349,0,0,0.0,0.0,0.0,0.0,0.0,3.61,-0.888,733.909,-317.86,64,3,5,567.08,0.6056,0.4598,1110.45,343.4328,0.36,-3.144,4.067,0,0,0.0,0.0,0.0,0.0,0.0,1.8,-166.036,214.993,5.302,32
Etuptamig Fab2,,,27230.66,-81.7,223,215,438,14382.18,-163.61,7,25,1983.8,0.7566,0.436,4631.75,1159.7521,2.438,-3.88,0.657,1,4,442.54,110.6347,110.6347,442.54,48960.1119,4.52,10.51,-363.192,-157.064,57,3,17,1324.05,0.7393,0.502,1918.41,978.8112,-2.716,-0.523,-9.651,0,0,0.0,0.0,0.0,0.0,0.0,1.8,131.815,-206.695,288.038,27
Faricimab Fab1,,,25704.32,75.48,221,213,434,12021.2,-127.38,11,8,902.53,1.2515,0.5537,4558.04,631.4448,-11.986,-9.416,1.257,0,0,0.0,0.0,0.0,0.0,0.0,6.34,-255.559,254.282,183.188,63,4,4,329.62,1.0037,0.5622,1165.39,310.6723,-7.469,-3.5,6.637,0,0,0.0,0.0,0.0,0.0,0.0,2.71,33.538,-12.264,141.459,27
Faricimab Fab2,,,22909.49,18.4,227,214,441,11438.8,-185.0,8,12,1078.13,0.94,0.5478,3727.07,790.7289,9.514,-8.132,-10.385,2,6,735.86,122.6431,96.6502,1018.49,90248.0452,6.34,-31.243,584.384,103.906,67,4,8,317.05,0.6056,0.2782,1110.9,170.6515,8.069,7.206,-3.646,0,0,0.0,0.0,0.0,0.0,0.0,3.62,174.67,-272.168,55.896,36
Fazpilodemab Fab1,,,26457.39,-290.6,218,218,436,13541.52,-307.8,5,12,1023.01,0.4916,0.3424,2449.19,453.349,-0.014,-13.453,1.141,0,0,0.0,0.0,0.0,0.0,0.0,4.51,-524.144,-509.327,-296.973,70,1,4,278.95,0.2524,0.2524,278.95,70.4026,1.624,-9.139,2.722,0,0,0.0,0.0,0.0,0.0,0.0,1.79,31.329,-268.219,219.075,41
Fazpilodemab Fab2,,,25592.06,-174.49,214,214,428,12975.3,-162.38,8,14,1145.6,0.7568,0.4423,4569.72,665.5849,-0.508,-5.844,5.289,0,0,0.0,0.0,0.0,0.0,0.0,3.6,-288.546,-327.968,214.608,60,4,8,593.58,0.7814,0.5452,1721.48,322.6673,-1.486,-2.869,-1.283,0,0,0.0,0.0,0.0,0.0,0.0,1.8,-25.987,371.785,-303.839,34
Gremubamab Fab1,,,25708.79,-200.21,222,214,436,13046.23,-155.85,7,8,826.88,0.9822,0.5065,3189.85,500.7135,-9.818,-4.245,-3.301,0,0,0.0,0.0,0.0,0.0,0.0,4.51,564.578,223.995,-411.26,64,1,5,361.77,0.617,0.617,361.77,223.2246,-6.098,-6.056,-3.104,0,0,0.0,0.0,0.0,0.0,0.0,1.8,447.901,300.65,-336.094,35
Gremubamab Fab2,,,21916.66,-72.42,217,214,431,10842.73,-142.22,6,10,530.92,0.8749,0.2657,2399.9,443.3822,7.231,2.9,-3.311,0,0,0.0,0.0,0.0,0.0,0.0,5.43,-242.398,340.63,215.281,65,2,6,360.83,0.6681,0.2339,690.58,220.3094,7.945,11.783,4.662,0,0,0.0,0.0,0.0,0.0,0.0,2.71,-7.84,-135.25,202.589,36
Ivicentamab Fab1,,,26794.52,-200.21,218,217,435,14406.18,-170.58,7,8,715.39,0.8484,0.429,2740.05,606.9072,-2.297,1.17,1.454,1,4,279.36,69.84,69.84,279.36,19510.4753,3.61,-493.333,187.816,-447.96,59,2,4,402.29,0.5667,0.3676,629.49,128.7609,-6.242,-5.605,1.238,0,0,0.0,0.0,0.0,0.0,0.0,1.8,-396.111,122.996,-101.112,32
Ivicentamab Fab2,,,25879.09,-170.82,217,217,434,12830.92,-161.1,8,7,485.68,1.4344,0.5304,3138.36,635.388,-1.32,-8.705,-6.965,0,0,0.0,0.0,0.0,0.0,0.0,4.52,-732.243,106.565,650.569,65,3,7,485.68,1.1143,0.5043,1151.85,541.1764,3.099,11.092,-2.074,0,0,0.0,0.0,0.0,0.0,0.0,2.71,-495.405,-206.067,219.153,37
Linclatamig Fab1,,,23398.79,-163.6,210,218,428,12664.98,-195.88,5,13,944.18,0.675,0.4353,2353.89,637.3291,-1.067,-9.625,-1.947,0,0,0.0,0.0,0.0,0.0,0.0,3.61,-367.322,890.911,-474.971,65,3,6,499.79,0.6218,0.4657,1157.44,220.7646,8.34,3.452,-1.106,0,0,0.0,0.0,0.0,0.0,0.0,1.8,-122.652,406.81,-322.942,38
Linclatamig Fab2,,,28826.9,-233.92,217,219,436,13705.36,-268.2,6,11,878.65,0.7029,0.4343,3145.98,366.2623,-6.707,-7.387,-4.517,0,0,0.0,0.0,0.0,0.0,0.0,4.51,-496.918,37.601,-454.116,80,2,9,592.37,0.626,0.536,1017.12,265.8735,-2.716,-3.609,5.869,0,0,0.0,0.0,0.0,0.0,0.0,1.8,-18.211,160.3,-323.34,42
Linvoseltamab Fab1,,,28795.41,-116.57,209,215,424,14263.92,-158.67,3,6,330.11,0.6106,0.5319,742.77,199.8699,0.178,7.361,0.944,0,0,0.0,0.0,0.0,0.0,0.0,3.6,-645.98,291.03,196.025,72,1,5,330.11,0.6055,0.6055,330.11,199.8699,3.297,10.755,2.043,0,0,0.0,0.0,0.0,0.0,0.0,1.8,-456.534,-5.825,-474.085,33
Linvoseltamab Fab2,,,28021.24,-180.07,208,215,423,13880.24,-140.32,4,21,1335.68,0.8878,0.4627,2420.29,328.8869,4.783,5.996,5.928,0,0,0.0,0.0,0.0,0.0,0.0,5.42,193.967,274.889,752.48,61,2,6,370.47,0.8878,0.7548,726.4,328.8869,2.745,10.039,2.38,0,0,0.0,0.0,0.0,0.0,0.0,1.8,258.115,-351.315,589.885,32
Marlotamig Fab1,,,28240.77,-105.2,205,215,420,14431.51,-149.88,7,13,792.49,1.0549,0.5963,2876.95,377.6967,1.241,2.651,0.023,0,0,0.0,0.0,0.0,0.0,0.0,4.51,-436.353,229.426,348.877,64,5,7,412.58,1.0549,0.6103,1736.66,304.9143,0.348,14.052,5.305,0,0,0.0,0.0,0.0,0.0,0.0,1.8,-382.733,-120.612,144.689,37
Marlotamig Fab2,,,27611.76,-95.06,206,215,421,13392.65,-231.33,6,18,1512.87,1.0131,0.3938,3709.7,1532.7326,0.986,-0.456,-1.019,1,6,679.39,113.2311,113.2311,679.39,76927.6555,4.51,-199.786,141.682,414.857,63,4,7,402.74,0.8855,0.375,1375.17,282.5637,4.464,10.474,-0.358,0,0,0.0,0.0,0.0,0.0,0.0,1.8,-298.862,-192.916,301.655,36
Mosunetuzumab Fab1,,,27479.66,-246.16,217,219,436,13426.12,-223.91,4,9,655.78,0.3082,0.1272,1500.27,117.4021,-3.779,9.294,-17.901,0,0,0.0,0.0,0.0,0.0,0.0,4.51,-477.096,-860.862,-292.313,67,2,4,219.78,0.3082,0.0303,438.36,67.7345,-5.466,11.755,-7.532,0,0,0.0,0.0,0.0,0.0,0.0,1.8,-256.331,-91.148,-213.894,43
Mosunetuzumab Fab2,,,26669.02,-116.07,220,213,433,13621.94,-139.45,2,29,2020.93,0.6464,0.5005,2447.19,716.5093,7.484,-3.931,-5.731,0,0,0.0,0.0,0.0,0.0,0.0,5.43,165.841,-472.952,627.403,57,2,9,615.78,0.6464,0.492,1042.04,275.5242,0.809,-4.987,-4.869,0,0,0.0,0.0,0.0,0.0,0.0,2.71,48.512,-217.961,713.753,33
Navicixizumab Fab1,,,28326.52,-328.51,203,218,421,13894.26,-232.34,4,19,1201.18,0.8823,0.5242,2474.82,297.6935,-4.272,8.473,-0.483,0,0,0.0,0.0,0.0,0.0,0.0,4.51,-510.139,154.288,-505.202,74,3,7,404.75,0.8823,0.643,1034.02,275.1114,-11.855,8.354,0.818,0,0,0.0,0.0,0.0,0.0,0.0,1.79,-406.548,-123.912,-389.017,40
Navicixizumab Fab2,,,29856.6,-293.98,205,218,423,13929.32,-247.02,8,9,623.18,0.6219,0.3451,2971.7,246.4332,3.919,4.559,3.449,0,0,0.0,0.0,0.0,0.0,0.0,5.42,-735.105,690.211,-319.59,75,4,7,396.26,0.6219,0.4683,1429.23,246.4332,3.823,11.281,0.51,0,0,0.0,0.0,0.0,0.0,0.0,1.79,-418.206,30.147,-260.579,38
Nezastomig Fab1,,,27403.63,-200.83,208,215,423,13394.2,-190.51,4,12,740.34,0.8215,0.6306,2189.87,583.5091,-5.613,-3.621,9.571,0,0,0.0,0.0,0.0,0.0,0.0,5.42,812.361,765.469,97.968,67,2,7,381.55,0.6602,0.6586,746.7,250.6568,-2.176,5.257,6.611,0,0,0.0,0.0,0.0,0.0,0.0,1.8,533.741,-69.406,160.403,34
Nezastomig Fab2,,,27731.5,-104.4,206,215,421,13498.85,-233.05,7,12,779.84,1.3393,0.591,3465.22,610.7005,1.145,-1.094,-0.957,1,4,455.99,113.9982,113.9982,455.99,51982.3611,4.51,-164.234,130.325,432.237,63,3,7,394.47,0.822,0.4452,1113.98,294.4633,5.401,9.409,-0.514,0,0,0.0,0.0,0.0,0.0,0.0,1.8,-284.612,-203.009,299.193,35
Obrixtamig Fab1,,,22984.29,40.03,222,213,435,11579.34,-139.78,5,30,2806.64,0.9316,0.4342,4611.84,1892.7096,-10.823,-0.491,-3.531,1,5,743.79,148.7585,148.7585,743.79,110645.4772,5.43,148.234,-992.131,-154.399,63,2,8,652.12,0.629,0.491,985.86,410.1767,-4.932,-10.336,-4.393,0,0,0.0,0.0,0.0,0.0,0.0,2.71,-189.034,-375.248,155.759,30
Obrixtamig Fab2,,,27598.87,-138.8,223,215,438,14346.75,-170.97,9,12,877.69,1.0816,0.5245,4324.17,731.8183,-9.761,2.717,-5.702,0,0,0.0,0.0,0.0,0.0,0.0,4.52,353.576,-401.347,-198.321,62,6,11,536.53,1.0503,0.6485,2740.38,563.4926,-3.649,-1.636,-1.892,0,0,0.0,0.0,0.0,0.0,0.0,1.8,59.248,5.617,-249.101,28
Odronextamab Fab1,,,26987.19,-235.68,211,214,425,13109.31,-245.4,6,9,780.38,0.9771,0.4763,2771.5,762.5238,0.086,7.169,4.629,1,4,455.48,113.8691,113.8691,455.48,51864.6813,7.24,456.022,416.301,-2.505,69,2,6,335.0,0.5776,0.215,535.3,193.4815,-4.115,9.824,0.552,0,0,0.0,0.0,0.0,0.0,0.0,2.71,230.587,348.905,-381.493,33
Odronextamab Fab2,,,26290.81,-296.76,207,214,421,13405.77,-201.58,5,10,631.13,1.4539,0.6271,2495.84,809.5875,3.955,5.127,8.721,0,0,0.0,0.0,0.0,0.0,0.0,6.33,-812.721,472.052,283.133,68,4,7,418.94,0.9285,0.5725,1340.35,318.4315,4.33,8.208,4.874,0,0,0.0,0.0,0.0,0.0,0.0,2.71,-445.143,-12.976,245.349,31
Pamvatamig Fab1,,,28609.22,-108.06,221,214,435,13202.08,-165.28,7,14,1027.72,0.7928,0.4019,3252.45,426.6374,-2.582,-1.312,11.021,2,4,331.14,82.7845,76.7246,613.8,27413.1088,3.61,-230.987,-69.848,431.798,58,4,7,399.38,0.6974,0.3632,1186.83,267.2166,6.532,9.099,-0.847,0,0,0.0,0.0,0.0,0.0,0.0,1.8,-580.78,-250.454,238.33,34
Pamvatamig Fab2,,,28214.61,267.12,220,214,434,13131.15,-152.76,9,11,1127.53,1.069,0.632,5224.1,1168.5538,2.53,6.065,3.787,0,0,0.0,0.0,0.0,0.0,0.0,5.43,-696.709,298.235,-394.821,52,3,7,423.49,0.6474,0.2209,1079.25,274.1662,2.149,9.049,2.09,0,0,0.0,0.0,0.0,0.0,0.0,1.8,-551.859,-8.874,-281.687,31
Peluntamig Fab1,,,27199.93,-208.58,212,214,426,14561.81,-185.26,8,8,622.71,0.8616,0.5201,3190.39,402.1483,-11.691,-14.884,-4.063,0,0,0.0,0.0,0.0,0.0,0.0,7.24,267.926,-342.466,-393.925,67,4,6,387.54,0.9546,0.5332,1410.47,369.9358,-5.697,-10.881,-2.875,0,0,0.0,0.0,0.0,0.0,0.0,3.61,321.783,68.141,-332.824,36
Peluntamig Fab2,,,28437.96,-130.58,216,214,430,13307.72,-217.71,5,13,1265.91,0.8567,0.4795,3290.18,1084.5372,8.26,1.231,-2.028,1,5,593.72,118.7437,118.7437,593.72,70500.3671,6.33,-433.494,472.471,-207.743,75,2,8,542.48,0.6425,0.6118,960.11,315.2361,4.258,9.134,4.382,0,0,0.0,0.0,0.0,0.0,0.0,3.61,-530.421,-151.776,67.304,38
Petosemtamab Fab1,,,24441.96,-267.57,218,214,432,12093.71,-220.43,6,9,732.19,0.8334,0.468,2971.22,445.1963,-6.038,-3.361,-9.393,0,0,0.0,0.0,0.0,0.0,0.0,5.43,109.064,598.87,-7.944,65,3,7,407.62,0.6142,0.236,974.83,250.3688,-1.43,5.668,-4.743,0,0,0.0,0.0,0.0,0.0,0.0,1.8,-35.976,-137.441,305.982,36
Petosemtamab Fab2,,,26376.27,-256.6,225,214,439,13036.36,-206.07,6,11,727.55,0.6245,0.2932,2997.28,281.8295,-8.509,-15.013,6.188,0,0,0.0,0.0,0.0,0.0,0.0,3.61,17.867,-490.97,-380.645,58,3,11,649.59,0.7787,0.5807,1408.73,271.8068,-2.963,-11.76,-4.893,0,0,0.0,0.0,0.0,0.0,0.0,1.8,107.095,20.546,109.893,31
Reozalimab Fab1,,,24410.01,-159.69,218,213,431,12272.69,-153.83,5,11,810.92,0.8894,0.4297,2379.65,363.1793,13.095,-3.805,-3.512,0,0,0.0,0.0,0.0,0.0,0.0,5.43,191.776,-536.048,-117.051,59,2,4,339.43,1.0233,0.8646,602.21,347.3265,7.323,-7.338,-3.253,0,0,0.0,0.0,0.0,0.0,0.0,2.71,-140.742,-96.076,-315.313,28
Reozalimab Fab2,,,22002.1,-183.68,221,216,437,11089.52,-216.05,7,10,726.9,0.6538,0.3357,3421.47,295.3899,-3.996,0.969,4.722,0,0,0.0,0.0,0.0,0.0,0.0,3.61,73.634,-411.297,-418.389,53,2,5,373.55,0.5723,0.4677,611.9,136.4142,6.81,0.144,-2.68,0,0,0.0,0.0,0.0,0.0,0.0,1.8,-6.269,52.354,-260.776,26
Rilvegostomig Fab1,,,24533.73,-134.58,220,218,438,13065.31,-126.9,8,9,733.28,0.78,0.4989,3351.72,568.5861,-0.492,5.327,8.736,0,0,0.0,0.0,0.0,0.0,0.0,6.34,86.194,339.696,237.207,63,2,6,333.72,0.6264,0.5991,590.27,209.053,3.748,2.538,4.803,0,0,0.0,0.0,0.0,0.0,0.0,3.62,-294.487,265.092,179.617,29
Rilvegostomig Fab2,,,24688.99,-27.62,219,216,435,11735.82,-253.17,7,12,1549.51,1.0838,0.4838,5233.64,1298.0892,-3.93,-2.562,-14.358,0,0,0.0,0.0,0.0,0.0,0.0,5.43,36.22,767.799,426.421,61,2,9,565.07,0.3316,0.2331,894.77,109.3396,-5.673,3.98,-4.713,0,0,0.0,0.0,0.0,0.0,0.0,1.8,-130.036,-6.761,101.885,27
Sabestomig Fab1,,,24787.81,-134.29,220,218,438,13035.07,-141.07,4,17,1411.3,0.7323,0.5394,2861.33,834.818,1.316,6.479,11.508,0,0,0.0,0.0,0.0,0.0,0.0,6.34,93.549,344.83,266.333,60,2,6,425.88,0.6772,0.6162,674.69,288.4093,4.927,2.545,6.436,0,0,0.0,0.0,0.0,0.0,0.0,3.62,-324.624,305.808,141.891,29
Sabestomig Fab2,,,23653.96,-21.61,220,214,434,11472.3,-201.9,5,21,2038.28,0.7446,0.5278,4132.34,1517.6191,-2.289,-7.174,-9.975,0,0,0.0,0.0,0.0,0.0,0.0,5.43,370.091,758.843,177.409,64,3,5,365.87,0.5895,0.2142,810.47,128.0716,-1.045,-4.474,3.798,0,0,0.0,0.0,0.0,0.0,0.0,3.62,154.981,145.435,-201.154,40
Safimestomig Fab1,,,28809.74,-150.53,208,214,422,13616.31,-178.66,8,11,836.97,0.9448,0.5886,4493.48,790.7366,18.159,-4.288,2.338,0,0,0.0,0.0,0.0,0.0,0.0,4.51,-413.101,602.734,-217.094,74,2,7,402.74,0.6213,0.3234,785.6,250.2158,8.838,5.162,6.236,0,0,0.0,0.0,0.0,0.0,0.0,2.71,-339.507,167.285,-496.955,32
Safimestomig Fab2,,,24812.97,-261.52,203,214,417,11948.42,-180.96,7,8,657.29,0.9182,0.3568,2637.05,359.1795,9.326,-10.532,1.154,0,0,0.0,0.0,0.0,0.0,0.0,5.42,-493.651,347.85,-325.367,70,3,6,427.07,0.6963,0.3039,1070.75,231.9724,2.757,0.323,4.944,0,0,0.0,0.0,0.0,0.0,0.0,2.71,-274.745,65.814,-99.575,36
Spevatamig Fab1,,,24676.07,-141.08,212,214,426,12136.61,-169.17,6,18,1410.67,0.8788,0.5409,3303.76,1201.8724,4.981,4.069,-0.605,1,4,582.02,145.5054,145.5054,582.02,84687.2992,7.24,315.503,-585.196,-301.256,71,3,5,464.08,0.9941,0.7447,1256.4,461.3408,-2.955,-2.034,-3.153,0,0,0.0,0.0,0.0,0.0,0.0,3.62,189.108,-201.404,113.726,42
Spevatamig Fab2,,,29151.71,-138.98,217,220,437,15029.08,-185.29,7,17,1265.59,0.762,0.4495,4324.62,609.1724,0.753,-1.898,1.966,0,0,0.0,0.0,0.0,0.0,0.0,4.52,116.809,-116.933,264.721,59,4,12,799.42,0.762,0.5884,1956.62,609.1724,2.417,3.795,0.934,0,0,0.0,0.0,0.0,0.0,0.0,1.8,-216.202,-343.594,518.744,36
Sutacimig Fab1,,,27558.67,-142.38,206,214,420,13883.93,-233.9,4,18,1326.47,0.6556,0.501,2410.08,619.5838,7.022,-5.806,-5.83,0,0,0.0,0.0,0.0,0.0,0.0,5.42,114.637,643.27,243.507,62,2,7,375.02,0.6556,0.6173,638.35,245.8601,8.38,4.572,-1.266,0,0,0.0,0.0,0.0,0.0,0.0,3.61,-38.679,-9.047,-99.671,39
Sutacimig Fab2,,,27547.87,-157.16,198,219,417,15058.32,-169.71,6,24,1955.15,0.5472,0.3748,4290.93,1069.9291,-8.701,2.281,0.243,1,8,776.9,97.1127,97.1127,776.9,75447.0511,6.33,-205.819,485.551,-69.508,67,3,6,430.59,0.6427,0.4815,960.45,186.3235,-2.261,6.57,-4.263,0,0,0.0,0.0,0.0,0.0,0.0,4.53,-118.537,203.759,11.253,39
Talquetamab Fab1,,,28440.01,-211.36,202,213,415,16522.53,-146.79,8,8,510.96,0.6506,0.3759,3072.86,332.4365,5.852,3.546,7.996,0,0,0.0,0.0,0.0,0.0,0.0,4.52,177.642,188.448,372.588,67,6,8,510.96,0.6506,0.4982,2230.58,332.4365,3.699,2.247,3.574,0,0,0.0,0.0,0.0,0.0,0.0,2.71,348.268,-80.423,550.797,26
Talquetamab Fab2,,,26908.16,-38.74,209,215,424,13879.92,-154.86,6,25,1806.62,0.7444,0.2186,3443.04,1344.9005,-1.792,6.684,10.414,1,8,812.6,101.5756,101.5756,812.6,82540.7682,4.52,183.059,-214.374,-159.486,61,4,5,414.38,0.6361,0.1556,1270.21,263.5719,5.767,2.955,-1.397,0,0,0.0,0.0,0.0,0.0,0.0,1.8,-160.96,-157.783,69.516,31
Tecaginlimab Fab1,,,23667.17,-132.65,220,214,434,11451.48,-166.67,6,8,631.41,0.8457,0.519,2884.01,533.9564,-0.956,5.3,-6.687,0,0,0.0,0.0,0.0,0.0,0.0,5.42,-170.013,383.915,102.078,66,2,6,389.65,0.6389,0.4984,711.24,248.9582,-1.893,12.455,-1.343,0,0,0.0,0.0,0.0,0.0,0.0,2.71,-214.124,-26.505,-47.316,35
Tecaginlimab Fab2,,,22739.33,-172.95,215,217,432,11828.45,-228.91,7,9,641.37,0.6996,0.288,2525.5,244.1639,-3.712,-7.012,-3.193,0,0,0.0,0.0,0.0,0.0,0.0,4.51,-333.14,781.855,-295.007,65,5,6,348.98,0.6996,0.2915,1399.97,244.1639,-3.756,3.773,-4.925,0,0,0.0,0.0,0.0,0.0,0.0,2.71,90.656,14.714,-274.252,38
Teclistamab Fab1,,,27895.68,-217.82,205,214,419,13088.63,-232.21,4,26,2245.07,0.7024,0.3659,4332.45,909.4278,-1.035,2.285,9.558,1,4,312.74,78.1847,78.1847,312.74,24451.3933,6.33,-185.526,33.414,-178.477,60,3,6,491.97,0.7024,0.455,1150.96,316.2719,8.324,3.399,-4.787,0,0,0.0,0.0,0.0,0.0,0.0,3.62,-118.501,353.727,199.551,33
Teclistamab Fab2,,,26526.25,-110.23,209,215,424,13811.25,-167.64,8,17,1275.9,0.6675,0.296,3699.82,851.7207,13.298,-7.72,1.721,0,0,0.0,0.0,0.0,0.0,0.0,4.52,-157.057,56.377,392.288,56,4,6,339.15,0.3748,0.0198,1102.57,116.433,6.333,0.366,-7.107,0,0,0.0,0.0,0.0,0.0,0.0,1.8,179.971,-178.767,534.699,28
Tepoditamab Fab1,,,24757.37,-133.86,216,214,430,12771.84,-164.28,6,12,850.23,0.6961,0.2919,3025.82,405.8878,-14.185,1.433,-1.243,0,0,0.0,0.0,0.0,0.0,0.0,4.52,256.172,-159.72,-435.317,63,2,8,606.84,0.7171,0.7066,943.12,435.1478,-11.797,-6.878,-6.917,0,0,0.0,0.0,0.0,0.0,0.0,1.8,274.962,43.193,-81.554,37
Tepoditamab Fab2,,,26475.29,-201.33,216,214,430,14096.69,-226.57,5,15,1252.4,1.1514,0.3838,2518.38,763.8446,4.608,4.494,-9.487,1,4,331.55,82.8886,82.8886,331.55,27482.0887,4.52,699.559,-480.586,-306.938,59,3,6,395.97,0.9411,0.3539,920.4,372.6638,-1.081,-7.241,-10.892,0,0,0.0,0.0,0.0,0.0,0.0,1.8,391.846,71.238,-322.917,28
Tilatamig Fab1,,,25422.3,-17.7,214,213,427,11497.82,-148.62,4,17,1502.8,0.6858,0.4841,3490.41,1030.5532,0.561,-3.171,2.61,1,4,395.62,98.9057,98.9057,395.62,39129.387,6.34,239.082,804.799,139.279,59,2,8,668.13,0.5718,0.4995,902.1,285.3535,0.614,1.547,-0.071,0,0,0.0,0.0,0.0,0.0,0.0,2.71,62.2,330.852,-146.699,31
Tilatamig Fab2,,,27627.04,-108.94,222,217,439,12725.3,-194.9,5,35,2479.1,0.9412,0.3962,4058.81,1461.4862,-3.15,-1.448,6.176,0,0,0.0,0.0,0.0,0.0,0.0,4.52,356.448,351.305,392.444,65,3,6,254.33,0.3748,0.3083,695.99,82.5836,0.745,-1.042,8.554,0,0,0.0,0.0,0.0,0.0,0.0,2.71,-29.392,-119.163,43.351,35
Ubamatamab Fab1,,,24719.84,-182.13,201,215,416,12131.41,-199.2,6,21,1620.52,1.038,0.3949,3067.82,420.8204,5.853,-3.442,-4.483,1,5,405.42,81.084,81.084,405.42,32873.0457,3.61,-552.751,746.033,363.205,62,3,6,361.99,0.6539,0.289,823.84,236.718,1.942,9.725,-2.117,0,0,0.0,0.0,0.0,0.0,0.0,1.8,-429.356,49.763,-195.647,35
Ubamatamab Fab2,,,25786.13,-213.5,208,215,423,12728.36,-185.13,2,38,2493.82,0.6775,0.4895,2814.99,751.7139,5.145,-0.489,1.264,0,0,0.0,0.0,0.0,0.0,0.0,5.42,-247.813,538.78,234.841,68,3,5,337.6,0.6775,0.5385,977.26,217.5937,-0.327,4.71,1.16,0,0,0.0,0.0,0.0,0.0,0.0,1.8,-230.325,261.014,-214.701,34
Ubletamig Fab1,,,27838.79,-123.9,227,215,442,14625.5,-126.68,6,15,890.55,0.8944,0.4788,3083.98,384.0292,-0.934,6.729,8.072,0,0,0.0,0.0,0.0,0.0,0.0,6.33,159.53,273.559,-391.62,76,5,8,569.72,0.8944,0.5791,1843.32,384.0292,4.463,8.978,5.478,0,0,0.0,0.0,0.0,0.0,0.0,1.8,207.384,76.553,-260.763,37
Ubletamig Fab2,,,24712.62,-74.86,220,215,435,12120.49,-225.65,7,8,977.58,1.0243,0.4915,3236.42,902.8264,5.044,-3.07,2.197,1,4,285.19,71.2973,71.2973,285.19,20333.2066,4.52,280.867,402.644,-31.512,60,2,5,373.66,0.275,0.0585,635.23,102.7556,-0.696,5.004,11.647,0,0,0.0,0.0,0.0,0.0,0.0,1.8,306.517,-45.293,-147.467,37
Vanucizumab Fab1,,,24024.52,-217.77,227,214,441,12053.0,-246.56,6,17,1326.23,0.8444,0.3534,3421.81,712.558,3.805,-10.653,8.798,1,6,785.82,130.9693,130.9693,785.82,102917.7108,6.34,-411.343,-49.155,652.657,67,4,5,300.68,0.6093,0.2691,1104.23,132.432,-0.139,-2.627,9.091,0,0,0.0,0.0,0.0,0.0,0.0,3.62,-196.75,-280.898,94.067,36
Vanucizumab Fab2,,,26254.07,17.06,221,213,434,13143.54,-125.5,10,9,992.73,0.7833,0.4132,4233.24,773.9765,-6.733,2.509,-12.137,0,0,0.0,0.0,0.0,0.0,0.0,6.34,-62.974,139.188,458.385,59,4,8,390.94,0.6121,0.3598,1323.42,187.7804,-2.873,9.515,-8.841,0,0,0.0,0.0,0.0,0.0,0.0,2.71,-270.602,-163.724,167.391,28
Volrustomig Fab1,,,26898.51,-182.17,223,214,437,14250.05,-193.43,6,14,635.07,0.7492,0.2932,2759.34,382.1198,10.574,-3.257,-4.167,1,4,440.03,110.0068,110.0068,440.03,48406.0091,4.52,-154.874,282.209,78.161,61,5,7,510.04,0.7492,0.2588,1793.64,382.1198,9.992,0.278,0.117,1,4,440.03,110.0068,110.0068,440.03,48406.0091,1.8,-174.37,-259.098,441.485,34
Volrustomig Fab2,,,26599.66,-58.78,220,219,439,14366.87,-73.94,4,15,1343.31,0.8584,0.6223,2785.18,1027.9684,10.354,6.651,-2.758,0,0,0.0,0.0,0.0,0.0,0.0,6.33,164.572,140.84,-329.521,64,2,11,973.18,1.0115,0.7159,1276.97,984.374,0.412,10.886,-2.364,0,0,0.0,0.0,0.0,0.0,0.0,3.62,38.304,118.51,238.267,36
Vonsetamig Fab1,,,25947.13,-188.64,209,215,424,13751.91,-157.89,4,14,1072.79,0.7895,0.4236,2484.37,652.2895,-4.145,5.962,1.085,0,0,0.0,0.0,0.0,0.0,0.0,3.6,-302.453,154.403,144.353,66,3,7,525.06,0.7934,0.7313,1298.3,416.5694,2.108,8.412,0.94,0,0,0.0,0.0,0.0,0.0,0.0,1.8,-272.234,-40.23,-564.572,30
Vonsetamig Fab2,,,29806.38,-49.71,208,215,423,14457.42,-167.48,7,10,979.33,0.8561,0.3942,3259.46,838.4188,-3.934,6.546,3.56,1,4,636.4,159.0996,159.0996,636.4,101250.6686,4.51,-297.971,716.737,-145.019,61,3,7,486.02,0.8079,0.4502,1242.46,392.6506,-1.825,8.87,6.154,0,0,0.0,0.0,0.0,0.0,0.0,1.8,-491.086,132.481,-522.664,30
Voxalatamab Fab1,,,26531.93,-96.6,208,213,421,12550.39,-176.89,4,10,1265.43,0.942,0.6006,2872.59,1090.0821,-6.184,-13.536,-5.587,0,0,0.0,0.0,0.0,0.0,0.0,4.51,36.122,688.391,87.682,67,3,4,521.3,1.0323,0.807,1048.08,538.1187,-2.976,-1.373,-2.78,0,0,0.0,0.0,0.0,0.0,0.0,1.8,82.677,355.608,-63.243,32
Voxalatamab Fab2,,,27438.82,-175.85,209,215,424,13479.39,-190.59,4,13,978.93,0.5582,0.3263,2357.78,357.4888,11.899,11.605,-5.407,0,0,0.0,0.0,0.0,0.0,0.0,4.52,-334.018,37.882,-348.469,54,2,5,325.75,0.5582,0.394,573.49,138.279,10.514,-3.019,6.196,0,0,0.0,0.0,0.0,0.0,0.0,1.8,-163.874,327.533,-427.035,27
Zemocimig Fab1,,,26919.22,-284.48,206,213,419,12804.49,-290.87,5,10,588.64,0.8482,0.3673,2129.13,486.8509,-3.213,-13.289,3.076,0,0,0.0,0.0,0.0,0.0,0.0,3.6,-123.8,-423.763,-543.419,73,2,5,367.79,0.7967,0.668,603.1,293.0234,-0.031,-7.537,2.325,0,0,0.0,0.0,0.0,0.0,0.0,1.79,-31.501,104.711,-158.803,40
Zemocimig Fab2,,,28735.4,-335.55,203,213,416,15490.0,-226.22,4,8,564.48,0.8017,0.3705,1679.52,371.082,-1.354,-8.476,-8.941,0,0,0.0,0.0,0.0,0.0,0.0,6.32,238.025,-594.957,-735.889,71,3,8,564.48,0.8017,0.4272,1130.63,371.082,0.807,-9.829,-1.011,0,0,0.0,0.0,0.0,0.0,0.0,3.61,-47.622,-99.013,-191.242,33
Zenocutuzumab Fab1,,,28841.79,-1.56,222,214,436,12122.63,-212.34,7,13,924.8,1.099,0.5643,3802.74,644.0505,12.409,-1.11,2.358,0,0,0.0,0.0,0.0,0.0,0.0,6.34,-282.271,265.575,-200.836,58,2,7,412.0,0.6392,0.4637,709.49,263.3483,5.364,7.898,4.86,0,0,0.0,0.0,0.0,0.0,0.0,1.8,-414.14,32.059,-69.049,34
Zenocutuzumab Fab2,,,24385.24,-87.66,219,214,433,12317.59,-202.12,2,15,1348.62,0.671,0.5856,1691.7,674.4828,4.368,8.65,-5.608,1,4,539.4,134.8488,134.8488,539.4,72736.8423,3.61,90.502,-110.7,703.66,62,2,6,439.5,0.672,0.6715,782.58,295.3296,1.898,9.414,-1.669,0,0,0.0,0.0,0.0,0.0,0.0,1.8,20.612,-158.099,188.244,38
Zeripatamig Fab1,,,25613.31,-37.33,214,214,428,13923.81,-181.21,4,15,1317.76,0.6591,0.5498,2683.93,868.5502,8.239,8.309,3.966,0,0,0.0,0.0,0.0,0.0,0.0,4.52,-908.223,-24.281,-947.422,51,3,7,486.37,0.7835,0.5978,1099.63,262.54,7.117,-0.528,-2.865,0,0,0.0,0.0,0.0,0.0,0.0,2.71,-739.148,118.669,-695.998,24
Zeripatamig Fab2,,,26398.54,-262.21,214,218,432,13748.96,-202.62,5,18,1110.29,0.7012,0.4617,3288.01,778.5102,-0.366,-1.412,9.038,0,0,0.0,0.0,0.0,0.0,0.0,4.51,18.588,523.772,449.091,65,1,5,351.82,0.6654,0.6654,351.82,234.0962,0.065,4.647,1.35,0,0,0.0,0.0,0.0,0.0,0.0,2.7,147.783,-69.085,279.102,37
Zifibancimig Fab1,,,35092.93,31.59,213,214,427,19305.31,-101.75,9,12,1229.45,1.0772,0.4878,5633.12,803.3661,3.862,-0.716,-8.013,1,4,554.61,138.6529,138.6529,554.61,76898.5039,9.96,125.257,334.216,443.212,72,4,7,698.32,0.7993,0.4623,2048.76,558.1462,1.413,2.366,3.775,0,0,0.0,0.0,0.0,0.0,0.0,6.34,-53.524,-422.868,243.28,33
Zifibancimig Fab2,,,34402.16,-25.71,213,214,427,18239.55,-130.35,8,10,1166.75,1.0498,0.5237,4804.62,728.6205,-2.763,3.868,-4.902,0,0,0.0,0.0,0.0,0.0,0.0,9.96,-63.231,154.4,1093.414,76,4,8,646.47,0.9662,0.3923,1947.3,624.6319,0.748,6.977,-1.995,0,0,0.0,0.0,0.0,0.0,0.0,6.34,-93.031,-545.467,459.012,39
Zubotamig Fab1,,,24212.11,-116.13,215,213,428,12559.64,-195.01,6,12,1227.83,1.0088,0.6536,2989.17,526.4502,3.178,-5.66,5.305,1,4,486.83,121.7076,121.7076,486.83,59250.9342,5.43,-332.872,-541.645,-599.779,58,2,5,376.5,1.0088,0.8536,633.3,262.9512,3.135,-2.546,7.259,0,0,0.0,0.0,0.0,0.0,0.0,2.71,-139.568,-166.797,-296.733,34
Zubotamig Fab2,,,26971.95,12.37,223,215,438,13639.11,-157.35,5,13,1142.56,0.9606,0.4319,2512.26,1097.5435,5.056,7.28,4.79,1,4,552.72,138.1811,138.1811,552.72,76376.0128,3.61,-53.778,-381.868,-293.75,58,3,6,442.15,1.3024,0.4807,848.0,575.8519,4.582,-2.098,-9.023,0,0,0.0,0.0,0.0,0.0,0.0,1.8,-46.436,-45.516,107.321,27
